"Name","Region","GENC","Year","Population","Population Density (People per Sq. Km.)","Total Fertility Rate","Crude Birth Rate","Life Expectancy at Birth, Both Sexes","Crude Death Rate","Net Migration Rate","Net international migrants, both sexes"
" -> 2000","","","","--","--","--","--","--","--","--","--"
"Brazil","2000,Brazil","BR","2000","175,969,492","21.1","2.39","21.0","69.5","6.4","0.0","4,445"
"China","2000,China","CN","2000","1,271,503,410","136.3","1.56","12.8","71.7","6.4","-0.3","-329,999"
"Congo (Kinshasa)","2000,Congo (Kinshasa)","CD","2000","52,921,779","23.3","6.76","45.4","52.3","13.6","-1.2","-65,402"
"Egypt","2000,Egypt","EG","2000","65,549,954","65.8","3.46","27.1","67.6","6.0","-0.4","-23,511"
"Ethiopia","2000,Ethiopia","ET","2000","62,891,069","57.4","5.44","39.1","53.0","12.8","-1.3","-81,827"
"India","2000,India","IN","2000","1,049,692,922","353.1","3.27","26.0","62.8","8.5","-0.1","-126,593"
"Indonesia","2000,Indonesia","ID","2000","214,090,575","118.2","2.61","22.6","68.0","6.4","-1.6","-338,270"
"Japan","2000,Japan","JP","2000","126,771,901","347.8","1.37","9.6","81.0","7.7","0.3","37,859"
"Mexico","2000,Mexico","MX","2000","99,775,434","51.3","2.69","23.6","73.2","4.8","-5.2","-517,473"
"Nigeria","2000,Nigeria","NG","2000","125,580,732","137.9","6.04","44.3","47.6","17.0","-0.0","-2,000"
"Pakistan","2000,Pakistan","PK","2000","148,400,343","192.5","5.05","35.7","61.7","9.5","8.4","1,247,641"
"Philippines","2000,Philippines","PH","2000","76,580,270","256.8","3.72","29.1","69.5","5.4","-1.3","-101,912"
"Russia","2000,Russia","RU","2000","148,020,170","9.0","1.18","8.6","66.0","15.0","2.2","326,179"
"United States","2000,United States","US","2000","282,162,411","30.8","--","--","--","--","--","--"
"Vietnam","2000,Vietnam","VN","2000","79,451,866","256.2","2.28","19.6","71.2","5.7","-0.4","-30,000"
" -> 2001","","","","--","--","--","--","--","--","--","--"
"Brazil","2001,Brazil","BR","2001","178,511,261","21.4","2.32","20.5","69.8","6.4","0.0","2,111"
"China","2001,China","CN","2001","1,278,990,263","137.1","1.53","12.3","72.1","6.4","-0.3","-318,332"
"Congo (Kinshasa)","2001,Congo (Kinshasa)","CD","2001","54,597,381","24.1","6.68","45.0","52.4","13.5","0.2","13,200"
"Egypt","2001,Egypt","EG","2001","66,925,023","67.2","3.40","27.0","68.0","5.8","-0.4","-29,492"
"Ethiopia","2001,Ethiopia","ET","2001","64,507,455","58.8","5.40","39.0","53.8","12.4","-0.9","-54,537"
"India","2001,India","IN","2001","1,067,817,484","359.1","3.19","25.4","63.3","8.4","-0.2","-173,769"
"Indonesia","2001,Indonesia","ID","2001","217,197,016","119.9","2.58","22.2","68.3","6.4","-1.6","-347,160"
"Japan","2001,Japan","JP","2001","127,097,042","348.7","1.34","9.5","81.3","7.8","1.2","145,781"
"Mexico","2001,Mexico","MX","2001","101,125,485","52.0","2.65","23.2","73.3","4.8","-5.1","-517,475"
"Nigeria","2001,Nigeria","NG","2001","129,095,345","141.7","6.04","44.4","48.3","16.5","-0.0","-2,900"
"Pakistan","2001,Pakistan","PK","2001","153,174,020","198.7","5.00","35.5","62.0","9.3","2.7","409,332"
"Philippines","2001,Philippines","PH","2001","78,365,524","262.8","3.66","28.9","69.6","5.4","0.1","9,768"
"Russia","2001,Russia","RU","2001","147,300,367","9.0","1.21","8.9","66.1","15.2","0.8","110,380"
"United States","2001,United States","US","2001","284,968,955","31.1","--","--","--","--","--","--"
"Vietnam","2001,Vietnam","VN","2001","80,525,732","259.7","2.25","19.4","71.5","5.6","-0.5","-39,000"
" -> 2002","","","","--","--","--","--","--","--","--","--"
"Brazil","2002,Brazil","BR","2002","180,994,541","21.7","2.26","20.0","70.0","6.4","0.0","-222"
"China","2002,China","CN","2002","1,285,973,403","137.9","1.51","12.0","72.5","6.5","-0.2","-306,666"
"Congo (Kinshasa)","2002,Congo (Kinshasa)","CD","2002","56,319,530","24.8","6.60","44.6","52.6","13.3","-0.9","-52,900"
"Egypt","2002,Egypt","EG","2002","68,364,247","68.7","3.34","27.0","68.4","5.7","0.5","34,216"
"Ethiopia","2002,Ethiopia","ET","2002","66,205,065","60.4","5.36","38.9","54.6","12.0","-0.8","-52,230"
"India","2002,India","IN","2002","1,085,753,922","365.2","3.11","24.9","63.8","8.2","-0.3","-281,264"
"Indonesia","2002,Indonesia","ID","2002","220,276,026","121.6","2.54","21.8","68.6","6.3","-1.6","-342,945"
"Japan","2002,Japan","JP","2002","127,347,157","349.4","1.33","9.4","81.5","7.9","-0.4","-50,788"
"Mexico","2002,Mexico","MX","2002","102,470,489","52.7","2.62","22.8","73.5","4.9","-4.7","-483,550"
"Nigeria","2002,Nigeria","NG","2002","132,764,563","145.8","6.04","44.4","49.0","16.0","-0.2","-24,900"
"Pakistan","2002,Pakistan","PK","2002","157,385,803","204.2","4.93","35.2","62.6","9.0","-0.7","-104,851"
"Philippines","2002,Philippines","PH","2002","80,114,579","268.7","3.61","28.6","69.7","5.4","-2.6","-210,266"
"Russia","2002,Russia","RU","2002","146,495,996","8.9","1.29","9.5","65.8","15.7","0.8","118,993"
"United States","2002,United States","US","2002","287,625,193","31.4","--","--","--","--","--","--"
"Vietnam","2002,Vietnam","VN","2002","81,617,017","263.2","2.28","19.7","71.8","5.6","-0.5","-38,000"
" -> 2003","","","","--","--","--","--","--","--","--","--"
"Brazil","2003,Brazil","BR","2003","183,412,348","21.9","2.19","19.4","70.3","6.4","-0.0","-2,555"
"China","2003,China","CN","2003","1,292,609,952","138.6","1.50","11.7","72.9","6.5","-0.2","-294,999"
"Congo (Kinshasa)","2003,Congo (Kinshasa)","CD","2003","58,013,244","25.6","6.51","44.2","52.8","13.1","-2.1","-124,200"
"Egypt","2003,Egypt","EG","2003","69,838,271","70.2","3.28","26.9","68.8","5.6","-0.5","-31,264"
"Ethiopia","2003,Ethiopia","ET","2003","67,980,692","62.0","5.32","38.8","55.3","11.6","-0.5","-35,764"
"India","2003,India","IN","2003","1,103,497,631","371.1","3.03","24.3","64.2","8.1","-0.3","-280,569"
"Indonesia","2003,Indonesia","ID","2003","223,347,625","123.3","2.51","21.4","68.9","6.3","-1.3","-298,000"
"Japan","2003,Japan","JP","2003","127,523,693","349.9","1.30","9.1","81.8","8.0","0.5","67,832"
"Mexico","2003,Mexico","MX","2003","103,843,015","53.4","2.58","22.4","73.6","4.9","-4.0","-417,776"
"Nigeria","2003,Nigeria","NG","2003","136,587,691","150.0","6.04","44.4","49.8","15.6","-0.2","-28,800"
"Pakistan","2003,Pakistan","PK","2003","161,075,633","209.0","4.86","34.8","63.1","8.8","-5.1","-825,896"
"Philippines","2003,Philippines","PH","2003","81,833,823","274.5","3.55","28.2","69.7","5.4","-0.9","-76,017"
"Russia","2003,Russia","RU","2003","145,703,488","8.9","1.35","10.1","65.8","16.0","0.4","53,637"
"United States","2003,United States","US","2003","290,107,933","31.7","--","--","--","--","--","--"
"Vietnam","2003,Vietnam","VN","2003","82,699,693","266.7","2.12","18.6","72.0","5.6","-0.3","-26,000"
" -> 2004","","","","--","--","--","--","--","--","--","--"
"Brazil","2004,Brazil","BR","2004","185,755,950","22.2","2.13","18.8","70.6","6.4","-0.0","-4,889"
"China","2004,China","CN","2004","1,299,116,861","139.3","1.52","11.8","73.2","6.5","-0.2","-283,333"
"Congo (Kinshasa)","2004,Congo (Kinshasa)","CD","2004","59,756,664","26.4","6.43","43.8","52.9","13.0","-0.6","-34,200"
"Egypt","2004,Egypt","EG","2004","71,310,598","71.6","3.20","26.7","69.1","5.5","-0.4","-28,146"
"Ethiopia","2004,Ethiopia","ET","2004","69,811,259","63.7","5.23","38.4","56.0","11.2","-0.8","-57,680"
"India","2004,India","IN","2004","1,121,076,540","377.1","2.95","23.8","64.7","7.9","-0.3","-278,938"
"Indonesia","2004,Indonesia","ID","2004","227,321,651","125.5","2.54","21.5","67.5","7.0","-1.3","-303,006"
"Japan","2004,Japan","JP","2004","127,668,360","350.3","1.29","9.0","82.0","8.1","-0.3","-35,076"
"Mexico","2004,Mexico","MX","2004","105,230,503","54.1","2.55","22.0","73.8","4.9","-3.9","-414,843"
"Nigeria","2004,Nigeria","NG","2004","140,534,504","154.3","5.95","43.7","50.5","15.1","-0.2","-27,700"
"Pakistan","2004,Pakistan","PK","2004","164,483,105","213.4","4.79","34.4","63.6","8.5","-5.0","-813,785"
"Philippines","2004,Philippines","PH","2004","83,600,001","280.4","3.51","27.9","69.8","5.4","-1.7","-143,972"
"Russia","2004,Russia","RU","2004","144,966,251","8.9","1.36","10.4","66.5","15.5","0.4","60,104"
"United States","2004,United States","US","2004","292,805,298","32.0","--","--","--","--","--","--"
"Vietnam","2004,Vietnam","VN","2004","83,800,250","270.3","2.23","19.7","72.3","5.5","-0.4","-36,000"
" -> 2005","","","","--","--","--","--","--","--","--","--"
"Brazil","2005,Brazil","BR","2005","188,016,152","22.5","2.06","18.2","70.9","6.4","-0.0","-7,222"
"China","2005,China","CN","2005","1,305,718,256","140.0","1.55","11.9","73.6","6.6","-0.2","-271,666"
"Congo (Kinshasa)","2005,Congo (Kinshasa)","CD","2005","61,637,003","27.2","6.35","43.5","53.5","12.6","0.8","47,100"
"Egypt","2005,Egypt","EG","2005","72,803,615","73.1","3.12","26.4","69.5","5.4","-0.5","-33,507"
"Ethiopia","2005,Ethiopia","ET","2005","71,680,064","65.4","5.15","37.8","56.7","10.8","-0.6","-46,210"
"India","2005,India","IN","2005","1,138,451,972","382.9","2.88","23.2","65.1","7.8","-0.3","-303,565"
"Indonesia","2005,Indonesia","ID","2005","230,421,225","127.2","2.59","21.7","69.6","6.3","-1.3","-303,264"
"Japan","2005,Japan","JP","2005","127,705,189","350.4","1.26","8.7","82.2","8.3","-0.4","-52,729"
"Mexico","2005,Mexico","MX","2005","106,576,363","54.8","2.51","21.6","73.9","5.0","-4.3","-459,234"
"Nigeria","2005,Nigeria","NG","2005","144,566,309","158.7","5.87","43.0","51.2","14.6","-0.2","-26,800"
"Pakistan","2005,Pakistan","PK","2005","168,065,950","218.0","4.73","34.0","64.2","8.3","-3.6","-609,619"
"Philippines","2005,Philippines","PH","2005","85,346,265","286.2","3.47","27.6","69.9","5.4","-1.7","-145,777"
"Russia","2005,Russia","RU","2005","144,285,722","8.8","1.31","10.1","65.8","16.0","1.1","164,051"
"United States","2005,United States","US","2005","295,516,599","32.3","--","--","--","--","--","--"
"Vietnam","2005,Vietnam","VN","2005","84,920,497","273.9","2.11","18.8","72.6","5.5","-0.4","-36,000"
" -> 2006","","","","--","--","--","--","--","--","--","--"
"Brazil","2006,Brazil","BR","2006","190,173,706","22.8","2.00","17.5","71.1","6.4","-0.0","-4,422"
"China","2006,China","CN","2006","1,312,247,029","140.7","1.52","11.7","73.9","6.6","-0.2","-260,000"
"Congo (Kinshasa)","2006,Congo (Kinshasa)","CD","2006","63,647,861","28.1","6.40","44.1","54.1","12.3","0.7","42,700"
"Egypt","2006,Egypt","EG","2006","74,359,424","74.7","3.19","27.3","69.9","5.3","-0.4","-29,594"
"Ethiopia","2006,Ethiopia","ET","2006","73,608,652","67.1","5.06","37.4","57.8","10.2","-0.5","-38,385"
"India","2006,India","IN","2006","1,155,507,369","388.6","2.80","22.7","65.5","7.7","-0.4","-494,647"
"Indonesia","2006,Indonesia","ID","2006","233,666,879","129.0","2.56","21.5","69.7","6.4","-1.3","-296,700"
"Japan","2006,Japan","JP","2006","127,740,790","350.5","1.32","9.0","82.4","8.4","0.0","1,221"
"Mexico","2006,Mexico","MX","2006","107,916,378","55.5","2.48","21.3","74.0","5.0","-3.6","-385,130"
"Nigeria","2006,Nigeria","NG","2006","148,689,670","163.3","5.79","42.2","51.8","14.1","-0.1","-12,200"
"Pakistan","2006,Pakistan","PK","2006","171,905,824","223.0","4.66","33.7","64.5","8.1","-2.6","-440,134"
"Philippines","2006,Philippines","PH","2006","87,078,202","292.0","3.43","27.3","70.0","5.4","-2.3","-195,695"
"Russia","2006,Russia","RU","2006","143,701,958","8.8","1.32","10.3","67.0","15.1","1.4","202,046"
"United States","2006,United States","US","2006","298,379,912","32.6","--","--","--","--","--","--"
"Vietnam","2006,Vietnam","VN","2006","86,014,941","277.4","2.09","18.7","72.8","5.5","-0.4","-36,000"
" -> 2007","","","","--","--","--","--","--","--","--","--"
"Brazil","2007,Brazil","BR","2007","192,229,032","23.0","1.94","16.7","71.7","6.3","-0.0","-1,622"
"China","2007,China","CN","2007","1,318,968,524","141.4","1.59","12.2","74.2","6.7","-0.2","-248,333"
"Congo (Kinshasa)","2007,Congo (Kinshasa)","CD","2007","65,763,574","29.0","6.46","44.7","54.6","12.0","0.1","9,300"
"Egypt","2007,Egypt","EG","2007","76,021,187","76.4","3.26","28.1","70.2","5.2","-0.4","-28,997"
"Ethiopia","2007,Ethiopia","ET","2007","75,618,830","69.0","4.98","36.9","58.9","9.6","-0.1","-3,905"
"India","2007,India","IN","2007","1,172,223,357","394.3","2.73","22.2","65.9","7.6","-0.4","-516,067"
"Indonesia","2007,Indonesia","ID","2007","236,887,116","130.8","2.54","21.2","69.8","6.4","-1.2","-282,950"
"Japan","2007,Japan","JP","2007","127,805,148","350.6","1.34","9.0","82.6","8.6","0.0","3,598"
"Mexico","2007,Mexico","MX","2007","109,344,533","56.2","2.45","21.0","74.2","5.1","-2.4","-258,824"
"Nigeria","2007,Nigeria","NG","2007","152,884,914","167.9","5.71","41.5","52.5","13.6","-0.3","-47,289"
"Pakistan","2007,Pakistan","PK","2007","176,015,175","228.3","4.59","33.3","64.9","7.9","-1.2","-211,758"
"Philippines","2007,Philippines","PH","2007","88,820,071","297.9","3.39","27.0","70.1","5.4","-1.6","-143,572"
"Russia","2007,Russia","RU","2007","143,407,480","8.8","1.44","11.2","67.8","14.5","2.6","366,388"
"United States","2007,United States","US","2007","301,231,207","32.9","--","--","--","--","--","--"
"Vietnam","2007,Vietnam","VN","2007","87,113,791","280.9","2.07","18.5","73.0","5.5","-0.4","-35,182"
" -> 2008","","","","--","--","--","--","--","--","--","--"
"Brazil","2008,Brazil","BR","2008","194,195,572","23.2","1.87","16.0","72.3","6.1","0.0","1,178"
"China","2008,China","CN","2008","1,326,206,773","142.2","1.61","12.5","74.5","6.7","-0.2","-236,667"
"Congo (Kinshasa)","2008,Congo (Kinshasa)","CD","2008","67,979,602","30.0","6.51","45.3","55.1","11.7","-0.2","-11,100"
"Egypt","2008,Egypt","EG","2008","77,777,097","78.1","3.33","28.8","70.5","5.1","-0.5","-38,011"
"Ethiopia","2008,Ethiopia","ET","2008","77,695,164","70.9","4.89","36.4","60.0","9.1","-0.3","-26,585"
"India","2008,India","IN","2008","1,188,680,299","399.8","2.66","21.7","66.3","7.5","-0.4","-492,519"
"Indonesia","2008,Indonesia","ID","2008","240,064,968","132.5","2.52","20.9","69.9","6.5","-1.2","-296,462"
"Japan","2008,Japan","JP","2008","127,826,531","350.7","1.37","9.0","82.8","8.8","-0.4","-44,626"
"Mexico","2008,Mexico","MX","2008","110,876,639","57.0","2.42","20.9","74.3","5.1","-1.7","-183,155"
"Nigeria","2008,Nigeria","NG","2008","157,143,322","172.5","5.62","40.8","53.2","13.2","-0.3","-46,970"
"Pakistan","2008,Pakistan","PK","2008","180,012,960","233.5","4.52","33.0","65.2","7.8","-4.5","-807,236"
"Philippines","2008,Philippines","PH","2008","90,542,145","303.7","3.35","26.6","70.1","5.5","-2.7","-246,329"
"Russia","2008,Russia","RU","2008","143,359,355","8.8","1.53","12.0","68.1","14.5","2.6","369,693"
"United States","2008,United States","US","2008","304,093,966","33.2","--","--","--","--","--","--"
"Vietnam","2008,Vietnam","VN","2008","88,230,616","284.6","2.08","18.7","73.3","5.5","-0.4","-34,364"
" -> 2009","","","","--","--","--","--","--","--","--","--"
"Brazil","2009,Brazil","BR","2009","196,071,090","23.5","1.81","15.3","72.9","6.0","0.0","3,978"
"China","2009,China","CN","2009","1,333,559,909","143.0","1.58","12.4","74.8","6.8","-0.2","-225,000"
"Congo (Kinshasa)","2009,Congo (Kinshasa)","CD","2009","70,299,929","31.0","6.57","45.9","55.7","11.5","-0.7","-47,300"
"Egypt","2009,Egypt","EG","2009","79,621,363","80.0","3.40","29.3","70.8","5.1","-0.5","-42,637"
"Ethiopia","2009,Ethiopia","ET","2009","79,839,434","72.8","4.81","35.9","61.0","8.7","0.2","15,782"
"India","2009,India","IN","2009","1,204,850,597","405.2","2.59","21.2","66.7","7.4","-0.4","-513,343"
"Indonesia","2009,Indonesia","ID","2009","243,188,153","134.2","2.49","20.6","70.0","6.6","-1.2","-294,808"
"Japan","2009,Japan","JP","2009","127,750,918","350.5","1.37","8.8","82.9","9.0","-1.0","-123,748"
"Mexico","2009,Mexico","MX","2009","112,510,831","57.9","2.39","20.8","74.4","5.1","-0.7","-77,286"
"Nigeria","2009,Nigeria","NG","2009","161,479,596","177.3","5.54","40.1","53.8","12.7","-0.3","-49,641"
"Pakistan","2009,Pakistan","PK","2009","183,963,929","238.6","4.46","32.7","65.5","7.6","-2.4","-440,569"
"Philippines","2009,Philippines","PH","2009","92,150,904","309.1","3.28","26.1","70.2","5.5","-3.9","-356,308"
"Russia","2009,Russia","RU","2009","143,427,695","8.8","1.57","12.3","68.9","14.0","2.6","377,851"
"United States","2009,United States","US","2009","306,771,529","33.5","--","--","--","--","--","--"
"Vietnam","2009,Vietnam","VN","2009","89,350,508","288.2","2.02","18.2","73.5","5.4","-0.4","-33,546"
" -> 2010","","","","--","--","--","--","--","--","--","--"
"Brazil","2010,Brazil","BR","2010","197,854,947","23.7","1.75","14.7","73.5","5.9","0.0","6,778"
"China","2010,China","CN","2010","1,340,788,628","143.8","1.54","12.3","75.1","6.8","-0.2","-222,000"
"Congo (Kinshasa)","2010,Congo (Kinshasa)","CD","2010","72,742,117","32.1","6.62","46.4","56.2","11.2","-0.6","-44,000"
"Egypt","2010,Egypt","EG","2010","81,571,106","81.9","3.50","30.1","71.2","5.0","-0.4","-36,279"
"Ethiopia","2010,Ethiopia","ET","2010","82,065,947","74.8","4.76","35.7","61.9","8.2","0.1","4,136"
"India","2010,India","IN","2010","1,220,718,718","410.6","2.51","20.6","67.2","7.3","-0.4","-517,613"
"Indonesia","2010,Indonesia","ID","2010","246,256,766","135.9","2.47","20.2","70.1","6.7","-1.2","-294,810"
"Japan","2010,Japan","JP","2010","127,645,939","350.2","1.39","8.8","82.8","9.4","0.0","14"
"Mexico","2010,Mexico","MX","2010","114,222,072","58.8","2.36","20.6","74.5","5.1","-0.4","-41,583"
"Nigeria","2010,Nigeria","NG","2010","165,890,754","182.1","5.46","39.4","54.5","12.3","-0.3","-52,509"
"Pakistan","2010,Pakistan","PK","2010","188,341,201","244.3","4.39","32.3","65.9","7.5","-0.5","-91,851"
"Philippines","2010,Philippines","PH","2010","93,745,810","314.4","3.21","25.6","70.3","5.5","-2.6","-239,287"
"Russia","2010,Russia","RU","2010","143,493,100","8.8","1.60","12.5","69.1","14.1","1.7","241,383"
"United States","2010,United States","US","2010","309,327,143","33.8","--","--","--","--","--","--"
"Vietnam","2010,Vietnam","VN","2010","90,458,607","291.7","2.00","18.1","73.8","5.4","-0.4","-32,728"
" -> 2011","","","","--","--","--","--","--","--","--","--"
"Brazil","2011,Brazil","BR","2011","199,602,770","23.9","1.76","14.7","73.8","5.9","0.1","9,578"
"China","2011,China","CN","2011","1,347,848,260","144.5","1.51","12.1","75.4","6.8","-0.2","-219,000"
"Congo (Kinshasa)","2011,Congo (Kinshasa)","CD","2011","75,337,546","33.2","6.68","46.9","56.7","11.0","-0.4","-29,000"
"Egypt","2011,Egypt","EG","2011","83,638,527","84.0","3.59","30.8","71.4","4.9","-0.4","-35,300"
"Ethiopia","2011,Ethiopia","ET","2011","84,413,527","77.0","4.71","35.5","62.6","7.9","1.3","110,946"
"India","2011,India","IN","2011","1,236,352,295","415.8","2.44","20.1","67.6","7.2","-0.3","-391,233"
"Indonesia","2011,Indonesia","ID","2011","249,274,297","137.6","2.45","19.9","70.3","6.7","-1.2","-295,365"
"Japan","2011,Japan","JP","2011","127,491,357","349.8","1.39","8.6","82.6","9.9","-0.6","-78,984"
"Mexico","2011,Mexico","MX","2011","115,945,440","59.6","2.31","20.1","74.8","5.0","-0.3","-36,076"
"Nigeria","2011,Nigeria","NG","2011","170,376,418","187.1","5.38","38.8","55.1","11.9","-0.3","-53,683"
"Pakistan","2011,Pakistan","PK","2011","192,744,405","250.0","4.33","32.0","66.1","7.4","-2.8","-529,468"
"Philippines","2011,Philippines","PH","2011","95,333,272","319.7","3.14","25.1","70.4","5.5","-3.5","-335,858"
"Russia","2011,Russia","RU","2011","143,533,961","8.8","1.58","12.2","69.7","13.9","2.2","319,762"
"United States","2011,United States","US","2011","311,583,481","34.0","--","12.7","--","8.1","2.7","830,305"
"Vietnam","2011,Vietnam","VN","2011","91,568,196","295.3","1.99","17.9","73.9","5.5","-0.4","-31,908"
" -> 2012","","","","--","--","--","--","--","--","--","--"
"Brazil","2012,Brazil","BR","2012","201,350,896","24.1","1.75","14.5","74.2","6.0","0.1","12,378"
"China","2012,China","CN","2012","1,355,524,732","145.3","1.67","13.1","75.8","6.8","-0.2","-216,000"
"Congo (Kinshasa)","2012,Congo (Kinshasa)","CD","2012","77,998,458","34.4","6.53","45.9","57.1","10.7","-1.3","-100,400"
"Egypt","2012,Egypt","EG","2012","85,806,339","86.2","3.65","31.0","71.7","4.9","-0.3","-28,651"
"Ethiopia","2012,Ethiopia","ET","2012","86,859,533","79.2","4.66","35.2","63.3","7.6","0.7","62,118"
"India","2012,India","IN","2012","1,251,839,015","421.0","2.41","19.8","68.1","7.2","-0.3","-356,738"
"Indonesia","2012,Indonesia","ID","2012","252,247,464","139.2","2.43","19.6","70.5","6.7","-1.2","-293,082"
"Japan","2012,Japan","JP","2012","127,250,763","349.1","1.41","8.5","83.1","9.8","-0.6","-78,805"
"Mexico","2012,Mexico","MX","2012","117,627,103","60.5","2.25","19.7","74.9","5.0","-0.6","-71,513"
"Nigeria","2012,Nigeria","NG","2012","174,931,760","192.1","5.30","38.1","55.7","11.5","-0.4","-65,162"
"Pakistan","2012,Pakistan","PK","2012","197,077,122","255.7","4.26","31.7","66.4","7.3","-1.8","-359,914"
"Philippines","2012,Philippines","PH","2012","96,862,023","324.9","3.07","24.6","70.4","5.5","-3.3","-317,697"
"Russia","2012,Russia","RU","2012","143,645,489","8.8","1.69","12.8","70.1","13.7","1.9","270,036"
"United States","2012,United States","US","2012","313,877,662","34.3","--","12.6","--","8.1","2.7","859,362"
"Vietnam","2012,Vietnam","VN","2012","92,697,293","299.0","2.05","18.2","74.0","5.5","-0.3","-31,090"
" -> 2013","","","","--","--","--","--","--","--","--","--"
"Brazil","2013,Brazil","BR","2013","203,079,584","24.3","1.74","14.4","74.5","6.0","0.1","15,178"
"China","2013,China","CN","2013","1,362,866,209","146.1","1.46","11.6","76.2","6.8","-0.2","-213,000"
"Congo (Kinshasa)","2013,Congo (Kinshasa)","CD","2013","80,747,292","35.6","6.39","44.9","57.6","10.4","0.8","62,300"
"Egypt","2013,Egypt","EG","2013","88,110,608","88.5","3.71","31.1","72.0","4.8","0.9","80,260"
"Ethiopia","2013,Ethiopia","ET","2013","89,335,550","81.5","4.61","34.9","63.9","7.4","0.4","35,085"
"India","2013,India","IN","2013","1,267,220,075","426.2","2.37","19.4","68.6","7.1","-0.3","-321,340"
"Indonesia","2013,Indonesia","ID","2013","255,144,559","140.8","2.38","19.0","70.8","6.7","-1.2","-294,351"
"Japan","2013,Japan","JP","2013","127,038,622","348.5","1.43","8.5","83.3","10.0","0.1","14,378"
"Mexico","2013,Mexico","MX","2013","119,228,748","61.3","2.20","19.1","75.0","5.1","-0.9","-106,951"
"Nigeria","2013,Nigeria","NG","2013","179,546,969","197.1","5.21","37.5","56.3","11.2","-0.5","-88,052"
"Pakistan","2013,Pakistan","PK","2013","201,581,954","261.5","4.20","31.3","66.8","7.1","-1.6","-316,643"
"Philippines","2013,Philippines","PH","2013","98,448,417","330.2","3.02","24.1","70.5","5.6","-1.8","-180,261"
"Russia","2013,Russia","RU","2013","143,786,233","8.8","1.71","12.7","70.6","13.4","1.7","245,384"
"United States","2013,United States","US","2013","316,059,947","34.5","--","12.4","--","8.2","2.8","891,740"
"Vietnam","2013,Vietnam","VN","2013","93,859,918","302.7","2.10","18.4","74.1","5.5","-0.3","-30,272"
" -> 2014","","","","--","--","--","--","--","--","--","--"
"Brazil","2014,Brazil","BR","2014","204,830,402","24.5","1.78","14.6","74.8","6.0","0.1","17,978"
"China","2014,China","CN","2014","1,369,685,822","146.9","1.57","12.3","76.5","6.8","-0.2","-210,000"
"Congo (Kinshasa)","2014,Congo (Kinshasa)","CD","2014","83,589,544","36.9","6.24","44.0","58.1","10.1","-0.0","-2,800"
"Egypt","2014,Egypt","EG","2014","90,487,244","90.9","3.77","31.2","72.3","4.8","-0.4","-33,892"
"Ethiopia","2014,Ethiopia","ET","2014","91,946,018","83.8","4.57","34.6","64.5","7.1","2.1","196,304"
"India","2014,India","IN","2014","1,282,483,039","431.3","2.33","19.0","69.1","7.0","-0.2","-276,925"
"Indonesia","2014,Indonesia","ID","2014","257,934,026","142.4","2.33","18.5","71.0","6.7","-1.2","-295,840"
"Japan","2014,Japan","JP","2014","126,845,084","348.0","1.42","8.2","83.6","10.1","0.3","36,386"
"Mexico","2014,Mexico","MX","2014","120,751,101","62.1","2.15","18.5","74.9","5.3","-0.9","-103,669"
"Nigeria","2014,Nigeria","NG","2014","184,193,052","202.2","5.13","36.9","56.9","10.8","-0.9","-159,038"
"Pakistan","2014,Pakistan","PK","2014","206,054,670","267.3","4.10","30.6","67.1","7.0","-2.4","-495,109"
"Philippines","2014,Philippines","PH","2014","100,125,736","335.8","2.96","23.7","70.6","5.6","-1.0","-99,403"
"Russia","2014,Russia","RU","2014","143,933,363","8.8","1.75","12.7","70.7","13.4","1.8","261,948"
"United States","2014,United States","US","2014","318,386,329","34.8","--","12.5","--","8.2","3.2","1,008,622"
"Vietnam","2014,Vietnam","VN","2014","95,031,568","306.5","2.09","18.2","74.3","5.6","-0.3","-29,454"
" -> 2015","","","","--","--","--","--","--","--","--","--"
"Brazil","2015,Brazil","BR","2015","206,626,819","24.7","1.80","14.7","75.1","6.0","0.1","20,778"
"China","2015,China","CN","2015","1,375,727,075","147.5","1.33","10.4","76.9","6.8","-0.2","-204,000"
"Congo (Kinshasa)","2015,Congo (Kinshasa)","CD","2015","86,458,286","38.1","6.09","43.0","58.5","9.8","0.3","28,800"
"Egypt","2015,Egypt","EG","2015","92,844,967","93.3","3.77","30.7","72.6","4.7","-0.6","-52,332"
"Ethiopia","2015,Ethiopia","ET","2015","94,627,302","86.3","4.49","34.1","65.1","6.9","0.6","58,826"
"India","2015,India","IN","2015","1,297,588,343","436.4","2.30","18.7","69.5","6.9","-0.2","-255,612"
"Indonesia","2015,Indonesia","ID","2015","260,617,061","143.9","2.28","18.0","71.2","6.8","-1.1","-294,119"
"Japan","2015,Japan","JP","2015","126,656,703","347.5","1.45","8.2","83.8","10.3","0.8","94,438"
"Mexico","2015,Mexico","MX","2015","122,200,093","62.9","2.10","17.9","74.7","5.5","-0.8","-100,387"
"Nigeria","2015,Nigeria","NG","2015","188,830,820","207.3","5.05","36.4","57.5","10.5","-1.4","-257,399"
"Pakistan","2015,Pakistan","PK","2015","210,462,259","273.0","3.99","30.0","67.4","6.8","-2.1","-439,411"
"Philippines","2015,Philippines","PH","2015","101,817,421","341.5","2.90","23.2","70.6","5.6","-1.1","-116,137"
"Russia","2015,Russia","RU","2015","144,071,341","8.8","1.78","12.6","71.2","13.2","1.5","211,878"
"United States","2015,United States","US","2015","320,738,994","35.0","--","12.4","--","8.5","3.2","1,021,684"
"Vietnam","2015,Vietnam","VN","2015","96,197,851","310.2","2.10","18.0","74.4","5.6","-0.3","-28,636"
" -> 2016","","","","--","--","--","--","--","--","--","--"
"Brazil","2016,Brazil","BR","2016","208,323,342","24.9","1.70","13.8","75.4","6.1","-0.1","-26,536"
"China","2016,China","CN","2016","1,382,148,409","148.2","1.66","12.9","77.1","6.9","-0.1","-198,000"
"Congo (Kinshasa)","2016,Congo (Kinshasa)","CD","2016","89,429,985","39.4","6.03","42.7","59.0","9.4","0.8","66,900"
"Egypt","2016,Egypt","EG","2016","95,228,450","95.7","3.77","30.2","72.8","4.6","-0.3","-27,927"
"Ethiopia","2016,Ethiopia","ET","2016","97,276,892","88.7","4.42","33.6","65.6","6.7","0.4","39,420"
"India","2016,India","IN","2016","1,312,486,077","441.4","2.26","18.3","70.0","6.9","-0.2","-252,121"
"Indonesia","2016,Indonesia","ID","2016","263,204,105","145.3","2.23","17.5","71.5","6.8","-1.1","-275,585"
"Japan","2016,Japan","JP","2016","126,461,255","347.0","1.44","8.0","84.0","10.5","0.8","94,438"
"Mexico","2016,Mexico","MX","2016","123,576,658","63.6","2.04","17.3","74.8","5.6","-0.8","-97,105"
"Nigeria","2016,Nigeria","NG","2016","193,466,758","212.4","4.98","35.9","58.1","10.2","-1.7","-334,432"
"Pakistan","2016,Pakistan","PK","2016","214,750,792","278.6","3.91","29.5","67.8","6.7","-3.5","-749,661"
"Philippines","2016,Philippines","PH","2016","103,351,132","346.6","2.84","22.8","70.7","5.7","-3.6","-373,320"
"Russia","2016,Russia","RU","2016","144,133,052","8.8","1.76","12.1","71.6","12.9","0.9","124,854"
"United States","2016,United States","US","2016","323,071,755","35.3","--","12.2","--","8.5","3.2","1,028,522"
"Vietnam","2016,Vietnam","VN","2016","97,355,565","314.0","2.09","17.7","74.5","5.6","-0.3","-27,818"
" -> 2017","","","","--","--","--","--","--","--","--","--"
"Brazil","2017,Brazil","BR","2017","209,969,058","25.1","1.78","14.4","75.7","6.1","-0.1","-23,334"
"China","2017,China","CN","2017","1,389,787,047","149.0","1.62","12.3","77.3","7.0","-0.1","-192,000"
"Congo (Kinshasa)","2017,Congo (Kinshasa)","CD","2017","92,453,955","40.8","5.96","42.3","59.5","9.2","-0.6","-53,200"
"Egypt","2017,Egypt","EG","2017","97,583,808","98.0","3.59","28.3","73.1","4.5","-0.2","-15,978"
"Ethiopia","2017,Ethiopia","ET","2017","99,977,612","91.2","4.35","33.1","66.1","6.5","0.8","77,063"
"India","2017,India","IN","2017","1,327,127,431","446.4","2.21","17.8","70.6","6.7","-0.2","-263,314"
"Indonesia","2017,Indonesia","ID","2017","265,708,968","146.7","2.19","17.0","71.7","6.8","-1.0","-258,506"
"Japan","2017,Japan","JP","2017","126,215,286","346.3","1.43","7.8","84.1","10.7","0.8","94,438"
"Mexico","2017,Mexico","MX","2017","124,883,590","64.2","1.99","16.7","74.8","5.7","-0.8","-93,823"
"Nigeria","2017,Nigeria","NG","2017","198,312,085","217.7","4.92","35.5","58.7","9.9","-0.2","-41,578"
"Pakistan","2017,Pakistan","PK","2017","219,176,700","284.3","3.83","29.0","68.1","6.5","-1.0","-207,835"
"Philippines","2017,Philippines","PH","2017","104,862,154","351.7","2.79","22.3","70.8","5.7","-1.1","-112,461"
"Russia","2017,Russia","RU","2017","144,157,561","8.8","1.62","10.8","72.4","12.4","2.0","285,104"
"United States","2017,United States","US","2017","325,122,128","35.5","--","11.9","--","8.7","2.5","827,150"
"Vietnam","2017,Vietnam","VN","2017","98,482,273","317.6","2.04","17.1","74.6","5.7","-0.3","-27,000"
" -> 2018","","","","--","--","--","--","--","--","--","--"
"Brazil","2018,Brazil","BR","2018","211,669,594","25.3","1.77","14.2","76.0","6.1","-0.0","-4,920"
"China","2018,China","CN","2018","1,395,959,772","149.7","1.47","10.9","77.5","7.1","-0.1","-186,000"
"Congo (Kinshasa)","2018,Congo (Kinshasa)","CD","2018","95,484,274","42.1","5.90","41.9","60.0","8.9","-1.0","-99,600"
"Egypt","2018,Egypt","EG","2018","99,834,881","100.3","3.43","26.7","73.4","4.5","-0.2","-16,136"
"Ethiopia","2018,Ethiopia","ET","2018","102,694,422","93.7","4.28","32.6","66.6","6.3","-0.1","-7,379"
"India","2018,India","IN","2018","1,341,470,939","451.2","2.15","17.3","71.2","6.6","-0.2","-263,783"
"Indonesia","2018,Indonesia","ID","2018","268,149,316","148.0","2.15","16.6","72.0","6.7","-0.9","-234,635"
"Japan","2018,Japan","JP","2018","125,918,130","345.5","1.42","7.6","84.2","10.9","0.8","94,438"
"Mexico","2018,Mexico","MX","2018","126,119,342","64.9","1.94","16.1","75.0","5.8","-0.7","-90,541"
"Nigeria","2018,Nigeria","NG","2018","203,416,212","223.3","4.85","35.2","59.3","9.6","-0.2","-42,694"
"Pakistan","2018,Pakistan","PK","2018","223,911,895","290.5","3.76","28.5","68.5","6.4","-0.8","-171,816"
"Philippines","2018,Philippines","PH","2018","106,513,195","357.2","2.73","21.9","70.9","5.8","-0.4","-45,945"
"Russia","2018,Russia","RU","2018","144,066,488","8.8","1.58","10.2","72.6","12.5","0.7","106,474"
"United States","2018,United States","US","2018","326,838,199","35.7","--","11.6","--","8.7","2.0","651,793"
"Vietnam","2018,Vietnam","VN","2018","99,578,720","321.1","2.05","16.9","74.7","5.7","-0.3","-26,182"
" -> 2019","","","","--","--","--","--","--","--","--","--"
"Brazil","2019,Brazil","BR","2019","213,349,354","25.5","1.77","14.1","75.9","6.4","0.1","29,646"
"China","2019,China","CN","2019","1,400,797,713","150.2","1.45","10.6","77.7","7.2","-0.1","-180,000"
"Congo (Kinshasa)","2019,Congo (Kinshasa)","CD","2019","98,580,816","43.5","5.83","41.5","60.5","8.6","-1.0","-93,846"
"Egypt","2019,Egypt","EG","2019","101,973,865","102.4","3.27","25.1","73.6","4.4","-0.3","-28,465"
"Ethiopia","2019,Ethiopia","ET","2019","105,307,253","96.0","4.21","32.1","66.7","6.2","-1.8","-187,075"
"India","2019,India","IN","2019","1,355,597,153","455.9","2.13","17.1","71.5","6.6","-0.2","-267,593"
"Indonesia","2019,Indonesia","ID","2019","270,532,675","149.3","2.11","16.2","72.3","6.7","-0.8","-217,436"
"Japan","2019,Japan","JP","2019","125,555,208","344.5","1.36","7.1","84.3","11.1","0.8","94,438"
"Mexico","2019,Mexico","MX","2019","127,294,489","65.5","1.88","15.5","75.6","5.7","-0.7","-92,432"
"Nigeria","2019,Nigeria","NG","2019","208,640,307","229.1","4.79","34.9","59.8","9.3","-0.2","-43,905"
"Pakistan","2019,Pakistan","PK","2019","228,674,451","296.6","3.68","27.9","68.8","6.3","-0.8","-187,193"
"Philippines","2019,Philippines","PH","2019","108,205,565","362.9","2.67","21.5","70.9","5.8","0.2","15,719"
"Russia","2019,Russia","RU","2019","143,877,288","8.8","1.50","9.3","73.1","12.4","2.0","285,103"
"United States","2019,United States","US","2019","328,329,953","35.9","--","11.4","--","8.7","1.8","594,330"
"Vietnam","2019,Vietnam","VN","2019","100,669,666","324.7","2.09","16.9","74.9","5.7","-0.3","-25,362"
" -> 2020","","","","--","--","--","--","--","--","--","--"
"Brazil","2020,Brazil","BR","2020","214,752,313","25.7","1.60","12.6","74.4","7.3","-0.1","-10,786"
"China","2020,China","CN","2020","1,404,031,889","150.5","1.25","8.8","77.7","7.4","0.0","0"
"Congo (Kinshasa)","2020,Congo (Kinshasa)","CD","2020","101,768,560","44.9","5.77","41.0","61.0","8.4","-0.9","-88,093"
"Egypt","2020,Egypt","EG","2020","103,994,537","104.5","3.11","23.6","73.9","4.4","-0.3","-35,020"
"Ethiopia","2020,Ethiopia","ET","2020","107,882,961","98.4","4.14","31.6","64.7","7.3","-0.1","-5,553"
"India","2020,India","IN","2020","1,369,541,070","460.6","2.13","17.1","70.5","7.4","0.4","534,607"
"Indonesia","2020,Indonesia","ID","2020","272,856,400","150.6","2.07","15.9","72.6","6.7","-0.7","-197,782"
"Japan","2020,Japan","JP","2020","125,135,727","343.3","1.37","7.1","84.5","11.3","0.8","93,717"
"Mexico","2020,Mexico","MX","2020","128,092,570","65.9","1.56","12.7","71.0","8.5","-0.7","-94,325"
"Nigeria","2020,Nigeria","NG","2020","213,986,428","235.0","4.72","34.6","60.4","9.1","-0.2","-45,204"
"Pakistan","2020,Pakistan","PK","2020","233,431,156","302.8","3.60","27.4","69.1","6.2","-0.9","-202,677"
"Philippines","2020,Philippines","PH","2020","110,461,801","370.5","3.46","27.8","70.8","6.0","3.6","398,187"
"Russia","2020,Russia","RU","2020","143,487,955","8.8","1.51","9.1","71.3","14.2","0.7","106,474"
"United States","2020,United States","US","2020","331,511,512","36.2","--","--","--","--","--","--"
"Vietnam","2020,Vietnam","VN","2020","101,745,119","328.1","2.08","16.4","75.0","5.8","-0.2","-24,544"
" -> 2021","","","","--","--","--","--","--","--","--","--"
"Brazil","2021,Brazil","BR","2021","215,903,281","25.8","1.60","12.5","75.2","7.0","-0.1","-26,142"
"China","2021,China","CN","2021","1,407,098,834","150.9","1.50","10.6","77.7","7.7","0.0","0"
"Congo (Kinshasa)","2021,Congo (Kinshasa)","CD","2021","105,044,646","46.3","5.70","40.5","61.4","8.2","-0.8","-82,340"
"Egypt","2021,Egypt","EG","2021","105,919,663","106.4","2.99","22.5","74.2","4.3","-0.3","-34,056"
"Ethiopia","2021,Ethiopia","ET","2021","110,408,120","100.7","4.07","31.1","61.7","8.9","-0.2","-26,180"
"India","2021,India","IN","2021","1,380,721,926","464.4","2.13","17.1","66.8","11.1","0.2","279,829"
"Indonesia","2021,Indonesia","ID","2021","275,122,131","151.9","2.04","15.6","72.8","6.7","-0.7","-197,782"
"Japan","2021,Japan","JP","2021","124,687,293","342.1","1.38","7.0","84.7","11.4","0.8","92,997"
"Mexico","2021,Mexico","MX","2021","128,569,498","66.1","1.62","13.1","71.1","8.4","-0.8","-96,216"
"Nigeria","2021,Nigeria","NG","2021","219,463,862","241.0","4.67","34.4","60.9","8.9","-0.2","-46,587"
"Pakistan","2021,Pakistan","PK","2021","238,181,034","309.0","3.53","27.0","69.4","6.1","-0.9","-218,277"
"Philippines","2021,Philippines","PH","2021","112,771,402","378.2","2.79","22.4","69.8","6.6","0.3","34,677"
"Russia","2021,Russia","RU","2021","142,847,266","8.7","1.51","8.8","71.6","14.2","0.8","106,474"
"United States","2021,United States","US","2021","332,031,554","36.3","--","11.0","--","10.4","2.1","689,728"
"Vietnam","2021,Vietnam","VN","2021","102,789,598","331.5","2.06","16.0","75.3","5.8","-0.2","-23,726"
" -> 2022","","","","--","--","--","--","--","--","--","--"
"Brazil","2022,Brazil","BR","2022","217,240,060","26.0","1.80","14.0","75.9","6.8","-0.2","-41,500"
"China","2022,China","CN","2022","1,410,539,758","151.2","1.45","9.9","77.7","7.9","-0.1","-150,000"
"Congo (Kinshasa)","2022,Congo (Kinshasa)","CD","2022","108,407,721","47.8","5.63","40.1","61.8","7.9","-0.7","-76,586"
"Egypt","2022,Egypt","EG","2022","107,770,524","108.3","2.88","21.5","74.5","4.3","-0.3","-33,091"
"Ethiopia","2022,Ethiopia","ET","2022","112,996,046","103.0","3.99","30.6","66.6","6.2","-0.1","-14,924"
"India","2022,India","IN","2022","1,389,637,446","467.4","2.10","16.8","67.2","10.3","0.2","220,865"
"Indonesia","2022,Indonesia","ID","2022","277,329,163","153.1","2.01","15.3","73.1","6.8","-0.7","-197,782"
"Japan","2022,Japan","JP","2022","124,214,766","340.8","1.38","7.0","84.8","11.6","0.7","92,276"
"Mexico","2022,Mexico","MX","2022","129,150,971","66.4","1.68","13.6","72.3","7.7","-0.8","-98,109"
"Nigeria","2022,Nigeria","NG","2022","225,082,083","247.1","4.62","34.2","61.3","8.7","-0.2","-48,059"
"Pakistan","2022,Pakistan","PK","2022","242,923,845","315.1","3.46","26.5","69.7","6.0","-1.0","-233,998"
"Philippines","2022,Philippines","PH","2022","114,597,229","384.3","2.78","22.3","70.1","6.4","0.1","14,997"
"Russia","2022,Russia","RU","2022","142,183,583","8.7","1.51","8.6","71.8","14.1","0.8","106,474"
"United States","2022,United States","US","2022","333,287,557","36.4","--","11.1","--","9.4","3.0","1,011,834"
"Vietnam","2022,Vietnam","VN","2022","103,808,319","334.8","2.05","15.7","75.5","5.8","-0.2","-22,908"
" -> 2023","","","","--","--","--","--","--","--","--","--"
"Brazil","2023,Brazil","BR","2023","218,689,757","26.2","1.75","13.4","76.1","6.9","-0.2","-41,500"
"China","2023,China","CN","2023","1,413,142,846","151.5","1.45","9.7","78.2","7.8","-0.1","-150,000"
"Congo (Kinshasa)","2023,Congo (Kinshasa)","CD","2023","111,859,928","49.3","5.56","39.6","62.2","7.7","-0.6","-70,833"
"Egypt","2023,Egypt","EG","2023","109,546,720","110.0","2.76","20.5","74.7","4.3","-0.3","-32,126"
"Ethiopia","2023,Ethiopia","ET","2023","115,757,473","105.6","3.92","30.1","67.1","6.0","-0.1","-14,924"
"India","2023,India","IN","2023","1,399,179,585","470.6","2.07","16.5","67.7","9.7","0.1","161,900"
"Indonesia","2023,Indonesia","ID","2023","279,476,346","154.3","1.99","15.1","73.3","6.8","-0.7","-197,782"
"Japan","2023,Japan","JP","2023","123,719,238","339.4","1.39","6.9","85.0","11.7","0.7","91,554"
"Mexico","2023,Mexico","MX","2023","129,875,529","66.8","1.73","14.0","73.5","7.1","-0.8","-100,000"
"Nigeria","2023,Nigeria","NG","2023","230,842,743","253.5","4.57","34.0","61.8","8.5","-0.2","-49,618"
"Pakistan","2023,Pakistan","PK","2023","247,653,551","321.3","3.39","26.0","70.0","5.9","-1.0","-249,825"
"Philippines","2023,Philippines","PH","2023","116,434,200","390.5","2.77","22.2","70.5","6.3","-0.0","-4,682"
"Russia","2023,Russia","RU","2023","141,505,279","8.6","1.51","8.5","72.0","14.1","0.8","106,474"
"United States","2023,United States","US","2023","339,665,118","37.1","1.84","12.2","80.8","8.4","3.0","1,021,097"
"Vietnam","2023,Vietnam","VN","2023","104,799,174","338.0","2.04","15.3","75.8","5.8","-0.2","-22,090"
" -> 2024","","","","--","--","--","--","--","--","--","--"
"Brazil","2024,Brazil","BR","2024","220,051,512","26.3","1.74","13.2","76.3","7.0","-0.2","-41,500"
"China","2024,China","CN","2024","1,416,043,270","151.8","1.55","10.2","78.7","7.7","-0.1","-150,000"
"Congo (Kinshasa)","2024,Congo (Kinshasa)","CD","2024","115,403,027","50.9","5.49","39.2","62.6","7.6","-0.6","-65,079"
"Egypt","2024,Egypt","EG","2024","111,247,248","111.8","2.65","19.5","75.0","4.3","-0.3","-31,160"
"Ethiopia","2024,Ethiopia","ET","2024","118,550,298","108.1","3.84","29.6","67.7","5.8","-0.1","-14,924"
"India","2024,India","IN","2024","1,409,128,296","473.9","2.03","16.2","68.2","9.1","0.1","102,936"
"Indonesia","2024,Indonesia","ID","2024","281,562,465","155.4","1.96","14.8","73.6","6.8","-0.7","-197,782"
"Japan","2024,Japan","JP","2024","123,201,945","338.0","1.40","6.9","85.2","11.9","0.7","90,833"
"Mexico","2024,Mexico","MX","2024","130,739,927","67.3","1.79","14.3","74.6","6.5","-0.7","-88,572"
"Nigeria","2024,Nigeria","NG","2024","236,747,130","259.9","4.52","33.8","62.2","8.4","-0.2","-51,256"
"Pakistan","2024,Pakistan","PK","2024","252,363,571","327.4","3.32","25.5","70.3","5.9","-1.1","-265,748"
"Philippines","2024,Philippines","PH","2024","118,277,063","396.7","2.75","22.1","70.8","6.2","-0.2","-24,363"
"Russia","2024,Russia","RU","2024","140,820,810","8.6","1.52","8.4","72.3","14.0","0.8","106,474"
"United States","2024,United States","US","2024","341,963,408","37.4","1.84","12.2","80.9","8.5","3.0","1,024,775"
"Vietnam","2024,Vietnam","VN","2024","105,758,975","341.1","2.03","14.9","76.1","5.8","-0.2","-22,090"